judge,signal,bin_lower,bin_upper,mean_prob,frac_positive,count
code,completed_noul,0.0,0.1,0.0,0.2671232876712329,146
code,completed_noul,0.9,1.0,1.0,0.8809523809523809,84
code,verdict_pass_prob,0.0,0.1,0.0,0.2671232876712329,146
code,verdict_pass_prob,0.9,1.0,1.0,0.8809523809523809,84
code,verdict_confidence,0.9,1.0,1.0,0.7869565217391304,230
jev,completed_noul,0.0,0.1,0.0765,0.25,4
jev,completed_noul,0.1,0.2,0.15653333333333333,0.4,15
jev,completed_noul,0.2,0.30000000000000004,0.2514,0.35,20
jev,completed_noul,0.30000000000000004,0.4,0.3551666666666667,0.25,12
jev,completed_noul,0.4,0.5,0.45715384615384613,0.46153846153846156,26
jev,completed_noul,0.5,0.6000000000000001,0.5531612903225807,0.22580645161290322,31
jev,completed_noul,0.6000000000000001,0.7000000000000001,0.6550714285714285,0.6785714285714286,28
jev,completed_noul,0.7000000000000001,0.8,0.7524878048780487,0.5365853658536586,41
jev,completed_noul,0.8,0.9,0.8524102564102564,0.6153846153846154,39
jev,completed_noul,0.9,1.0,0.9228571428571428,0.8571428571428571,14
jev,verdict_pass_prob,0.0,0.1,0.04303030303030304,0.3333333333333333,33
jev,verdict_pass_prob,0.1,0.2,0.1460952380952381,0.38095238095238093,21
jev,verdict_pass_prob,0.2,0.30000000000000004,0.2547368421052632,0.47368421052631576,19
jev,verdict_pass_prob,0.30000000000000004,0.4,0.34344444444444444,0.7222222222222222,18
jev,verdict_pass_prob,0.4,0.5,0.4533333333333333,0.42857142857142855,21
jev,verdict_pass_prob,0.5,0.6000000000000001,0.5523000000000001,0.3,20
jev,verdict_pass_prob,0.6000000000000001,0.7000000000000001,0.648736842105263,0.6842105263157895,19
jev,verdict_pass_prob,0.7000000000000001,0.8,0.7303809523809525,0.42857142857142855,21
jev,verdict_pass_prob,0.8,0.9,0.8530666666666666,0.6,30
jev,verdict_pass_prob,0.9,1.0,0.9509285714285713,0.6071428571428571,28
jev,verdict_confidence,0.0,0.1,0.06386666666666667,0.6000000000000001,15
jev,verdict_confidence,0.1,0.2,0.13515384615384615,0.36153846153846153,26
jev,verdict_confidence,0.2,0.30000000000000004,0.24647058823529414,0.47058823529411764,17
jev,verdict_confidence,0.30000000000000004,0.4,0.3537,0.5,20
jev,verdict_confidence,0.4,0.5,0.44376000000000004,0.52,25
jev,verdict_confidence,0.5,0.6000000000000001,0.5282666666666667,0.4,15
jev,verdict_confidence,0.6000000000000001,0.7000000000000001,0.6531666666666667,0.625,24
jev,verdict_confidence,0.7000000000000001,0.8,0.7540000000000001,0.5925925925925926,27
jev,verdict_confidence,0.8,0.9,0.8494999999999999,0.6071428571428571,28
jev,verdict_confidence,0.9,1.0,0.9582424242424242,0.6666666666666666,33
llm_cheap,completed_noul,0.0,0.1,0.008,0.2,5
llm_cheap,completed_noul,0.1,0.2,0.11,0.0,2
llm_cheap,completed_noul,0.2,0.30000000000000004,0.27999999999999997,0.0,1
llm_cheap,completed_noul,0.4,0.5,0.42000000000000004,0.0,1
llm_cheap,completed_noul,0.5,0.6000000000000001,0.5700000000000001,0.0,1
llm_cheap,completed_noul,0.6000000000000001,0.7000000000000001,0.6575,0.25,4
llm_cheap,completed_noul,0.7000000000000001,0.8,0.7554545454545455,0.2727272727272727,11
llm_cheap,completed_noul,0.8,0.9,0.8504761904761906,0.38095238095238093,21
llm_cheap,completed_noul,0.9,1.0,0.988702445652174,0.5434782608695652,184
llm_cheap,verdict_pass_prob,0.0,0.1,0.09799999999999998,0.2,5
llm_cheap,verdict_pass_prob,0.1,0.2,0.172,0.2,10
llm_cheap,verdict_pass_prob,0.2,0.30000000000000004,0.2509090909090909,0.18181818181818182,11
llm_cheap,verdict_pass_prob,0.30000000000000004,0.4,0.34333333333333327,0.6666666666666666,3
llm_cheap,verdict_pass_prob,0.4,0.5,0.44,0.5,2
llm_cheap,verdict_pass_prob,0.5,0.6000000000000001,0.5800000000000001,0.5,2
llm_cheap,verdict_pass_prob,0.6000000000000001,0.7000000000000001,0.61,1.0,1
llm_cheap,verdict_pass_prob,0.7000000000000001,0.8,0.7233333333333333,0.3333333333333333,6
llm_cheap,verdict_pass_prob,0.8,0.9,0.8666666666666669,0.5333333333333333,15
llm_cheap,verdict_pass_prob,0.9,1.0,0.9308357142857143,0.5314285714285715,175
llm_cheap,verdict_confidence,0.6000000000000001,0.7000000000000001,0.6799999999999999,0.0,1
llm_cheap,verdict_confidence,0.7000000000000001,0.8,0.75,0.7000000000000001,14
llm_cheap,verdict_confidence,0.8,0.9,0.8468571428571428,0.6057142857142856,35
llm_cheap,verdict_confidence,0.9,1.0,0.9300347222222223,0.5388888888888889,180
llm_strong,completed_noul,0.0,0.1,0.07200000000000001,0.4444444444444444,9
llm_strong,completed_noul,0.1,0.2,0.1592,0.45,20
llm_strong,completed_noul,0.2,0.30000000000000004,0.24294047619047618,0.2857142857142857,42
llm_strong,completed_noul,0.30000000000000004,0.4,0.3428571428571428,0.5714285714285714,21
llm_strong,completed_noul,0.4,0.5,0.4529473684210526,0.5263157894736842,19
llm_strong,completed_noul,0.5,0.6000000000000001,0.5502205882352942,0.7647058823529411,17
llm_strong,completed_noul,0.6000000000000001,0.7000000000000001,0.6414666666666666,0.5333333333333333,15
llm_strong,completed_noul,0.7000000000000001,0.8,0.7426666666666666,0.42857142857142855,21
llm_strong,completed_noul,0.8,0.9,0.8547555555555555,0.4666666666666667,45
llm_strong,completed_noul,0.9,1.0,0.9252380952380952,0.7142857142857143,21
llm_strong,verdict_pass_prob,0.0,0.1,0.07924999999999999,0.5,8
llm_strong,verdict_pass_prob,0.1,0.2,0.15624456521739133,0.3695652173913043,46
llm_strong,verdict_pass_prob,0.2,0.30000000000000004,0.24572413793103445,0.3448275862068966,29
llm_strong,verdict_pass_prob,0.30000000000000004,0.4,0.3369999999999999,0.7857142857142857,14
llm_strong,verdict_pass_prob,0.4,0.5,0.44962499999999994,0.5909090909090909,22
llm_strong,verdict_pass_prob,0.5,0.6000000000000001,0.5500909090909091,0.5454545454545454,22
llm_strong,verdict_pass_prob,0.6000000000000001,0.7000000000000001,0.657375,0.5,16
llm_strong,verdict_pass_prob,0.7000000000000001,0.8,0.7582941176470589,0.4411764705882353,34
llm_strong,verdict_pass_prob,0.8,0.9,0.845,0.6176470588235294,34
llm_strong,verdict_pass_prob,0.9,1.0,0.9064,0.4,5
llm_strong,verdict_confidence,0.5,0.6000000000000001,0.5660000000000001,0.8,1
llm_strong,verdict_confidence,0.6000000000000001,0.7000000000000001,0.6738461538461539,0.43846153846153857,26
llm_strong,verdict_confidence,0.7000000000000001,0.8,0.7499119047619048,0.5061904761904762,105
llm_strong,verdict_confidence,0.8,0.9,0.8428558823529411,0.6258823529411764,85
llm_strong,verdict_confidence,0.9,1.0,0.9152307692307691,0.46153846153846156,13
