judge,signal,n,ece,brier,ece_after_isotonic,brier_after_isotonic
code,completed_noul,230,0.21304347826086958,0.21304347826086956,0.0394093674281452,0.16553626899337326
code,verdict_pass_prob,230,0.21304347826086958,0.21304347826086956,0.0394093674281452,0.16553626899337326
code,verdict_confidence,230,0.21304347826086956,0.21304347826086956,1.1102230246251565e-16,0.16812381852551983
jev,completed_noul,230,0.16311304347826083,0.2574994086956522,0.09271969281483267,0.23955046868613536
jev,verdict_pass_prob,230,0.24037391304347827,0.3013577565217391,0.07847675587967479,0.2566768247144516
jev,verdict_confidence,230,0.1997217391304348,0.2773217043478261,0.0791307122452508,0.23375977090354064
llm_cheap,completed_noul,230,0.4398750000000001,0.4326960491847826,0.041567014715661044,0.246869802542938
llm_cheap,verdict_pass_prob,230,0.349679347826087,0.3697343817934783,0.1147893378283458,0.2441356121567887
llm_cheap,verdict_confidence,230,0.3488097826086957,0.36208742527173915,0.07606858403369009,0.23700210937261407
llm_strong,completed_noul,230,0.22137717391304346,0.29664748396739127,0.04242287709622113,0.25144130700616063
llm_strong,verdict_pass_prob,230,0.21350869565217392,0.2953144461956521,0.04054490386549723,0.24925667048213884
llm_strong,verdict_confidence,230,0.24471956521739124,0.23873573097826092,0.043215700099059035,0.18484511936006187
